SKU,Product,Candidate Image,Source URL,Confidence Score,Status,Reason
"ACC010","38mm DEPTH 2MODULE 1G- PATRESS","https://assets.legrand.com/pim/PHOTOS-WEB/LEGRAND/57/572390-LEGRAND.jpg","https://www.legrand.com.gh/en/catalog/products/arteor-surface-mounting-box-38mm-1-gang-2-module-572390","45.00","REVIEW_REQUIRED","Highest candidate scored 45/100, which is below threshold of 90."
"ACC005","2G  DARK SILVER PLATE","https://images.thdstatic.com/productImages/fb7df7d7-7c64-4532-910b-8f90d1b0d149/svn/silver-granite-eaton-outlet-wall-plates-pjs262sg-sp-l-c3_600.jpg","https://www.homedepot.com/p/Eaton-Silver-2-Gang-Decorator-Rocker-Wall-Plate-1-Pack-PJS262SG-SP-L/300494515","22.00","REVIEW_REQUIRED","Highest candidate scored 22/100, which is below threshold of 90."
"ACC003","3X3 BLANKING PLATE","https://m.media-amazon.com/images/I/61pyc8+nPWL.jpg","https://www.amazon.ae/DonMarco-Blank-Plate-3x3-Modern/dp/B0DNB4X69N","27.00","REVIEW_REQUIRED","Highest candidate scored 27/100, which is below threshold of 90."
"ACC006","2G 1W SIWTCH DARK SILVER","https://www.uzstore.com/web/image/product.product/168169/image_1920?unique=32a947f","https://www.uzstore.com/shop/sac12d-2-gang-1way-switch-schneider-avatar-on-c-dark-grey-e8732l1f-dg-168683","12.00","REVIEW_REQUIRED","Highest candidate scored 12/100, which is below threshold of 90."
"ACC001","4 MODULE PRACTI BOX","https://assets.legrand.com/pim/PHOTOS-WEB/LEGRAND/13/LG-134134-WEB-R.jpg","https://www.legrand.com/ecatalogue/en/catalog/products/practibox-s-surface-mounting-din-cabinet-1-row-of-4-modules-smoked-door-earth-terminal-blocks-134134","40.00","REVIEW_REQUIRED","Highest candidate scored 40/100, which is below threshold of 90."
"ACC004","3X6 BLANKING PLATE","https://m.media-amazon.com/images/I/61Bhtjygf4L._AC_UF1000,1000_QL80_.jpg","https://www.amazon.com/Franklin-Brass-Decorative-Electrical-W35891K-PW-CP/dp/B0CYCQQL7W","25.00","REVIEW_REQUIRED","Highest candidate scored 25/100, which is below threshold of 90."
"ACC009","4MODULE PLATE MAGNESIUM","","","0.00","FAILED","[IMAGE_SEARCH] Product ACC009 (38b73cbf-ff89-42e2-91f4-47b60ad677fd): [SerpSearch] Search failed: HTTP 403: {""message"":""Unauthorized."",""statusCode"":403}"
"ACC002","8 MODULE PRACTI BOX","https://i.ebayimg.com/00/s/MTA2NlgxNjAw/z/ZzUAAOSwe4Vk53fi/$_57.PNG?set_id=880000500F","https://www.ebay.com/itm/186048470253","24.00","REVIEW_REQUIRED","Highest candidate scored 24/100, which is below threshold of 90."
"ACC008","2MODULE PLATE MAGNESIUM","https://assets.legrand.com/pim/PHOTOS-WEB/LEGRAND/57/LG-571312-WEB-R.jpg","https://www.legrand.com.eg/en/catalog/products/arteor-british-standard-plate-square-version-2-modules-magnesium-571312","57.00","REVIEW_REQUIRED","Highest candidate scored 57/100, which is below threshold of 90."
"ACC007","3G 1W SIWTCH DK SILVER","https://unionhardware.co.zw/pomona/wp-content/uploads/2021/02/S7044B-COOKER-SOCKET-WITH-NEON-BLACK-300x300.jpg","https://unionhardware.co.zw/pomona/product/3g-1w-plate-switch-black/?srsltid=AU7gw4XqQxPviQxOg3XcNdoJGAlBw1_45JnTbDXAzDFgYLMYK_VLNXPn","15.00","REVIEW_REQUIRED","Highest candidate scored 15/100, which is below threshold of 90."
"ACC011","1 MODULE WHITE PLATE-ARTEOR","https://assets.legrand.com/pim/PHOTOS-WEB/LEGRAND/57/LG-575200-WEB-R.jpg","https://www.legrand.com.mm/en/catalog/products/arteor-plate-british-standard-square-1-module-white-575200","65.00","REVIEW_REQUIRED","Highest candidate scored 65/100, which is below threshold of 90."
"ACC012","3X6 ARTEOR FRAME","https://www.liteglo.co.za/wp-content/uploads/2024/06/LITE-GLO-ONLINE-MOBILE.jpg","https://www.liteglo.co.za/shop/legrand-arteor-576000-3x6-4-module-support-frame/?srsltid=AU7gw4UjaLsXs2duAzD9ayVWxu27DhEMNVXKwOjDKyOLk8zZC8p1G2RX","60.00","REVIEW_REQUIRED","Highest candidate scored 60/100, which is below threshold of 90."
"ACC013","3X3 ATEOR FRAME","https://www.liteglo.co.za/wp-content/uploads/2021/08/ICON.jpg","https://www.liteglo.co.za/shop/legrand-arteor-576003-3x3-1-2-module-support-frame/?srsltid=AU7gw4U_UNu9kneWkxhik375zlwfBQzJiQAKhfLpdJ_m-G0hU0CkzPX8","53.00","REVIEW_REQUIRED","Highest candidate scored 53/100, which is below threshold of 90."
"ACC014","SINGLE SHAVER","https://m.media-amazon.com/images/I/61aOovCKPrL.jpg","https://www.amazon.com/TPOB-Skull-Single-Shaver-Replacement/dp/B0C1D38CMK","35.00","REVIEW_REQUIRED","Highest candidate scored 35/100, which is below threshold of 90."
"ACC015","13A FUSE CONNECTION UNIT","https://electrical-junction.com/media/catalog/product/cache/3227189a8c54ad5a0076032f1d1e852d/d/8/d817ab703ca29783f30d3ecb0de354a5e3c9842e1f02722d63945d29aedf94c4.jpeg","https://electrical-junction.com/617081-fused-connection-unit-belanko-switched-cord-outlet-13-a-mas05067617081.html","49.00","REVIEW_REQUIRED","Highest candidate scored 49/100, which is below threshold of 90."
"ACC016","3X3 COVER PLATE","","","0.00","FAILED","[IMAGE_SEARCH] Product ACC016 (e7105006-262f-4fdf-8a90-5afc99d7c7dd): [SerpSearch] Search failed: HTTP 403: {""message"":""Unauthorized."",""statusCode"":403}"
"ACC019","3X6 COVER PLATE","https://m.media-amazon.com/images/I/71b2Qy9nCDL._AC_UF894,1000_QL80_.jpg","https://www.amazon.com/Repa-Market-White-Plumbing-Electrical/dp/B084BYGSL8","34.00","REVIEW_REQUIRED","Highest candidate scored 34/100, which is below threshold of 90."
"ACC017","3x3 BLANKING","","","0.00","FAILED","[IMAGE_SEARCH] Product ACC017 (38a4ccdf-364c-4222-b635-36e21d534a40): [SerpSearch] Search failed: HTTP 403: {""message"":""Unauthorized."",""statusCode"":403}"
"ACC018","3X6 BLANKING","","","0.00","FAILED","[IMAGE_SEARCH] Product ACC018 (fb7119b0-1f47-4401-83b4-fc8a345b7eb3): [SerpSearch] Search failed: HTTP 403: {""message"":""Unauthorized."",""statusCode"":403}"
"ACC020","13A FUSE CONNECTION UNIT","https://assets.legrand.com/pim/PHOTOS-WEB/LEGRAND/61/LG-617682-WEB-F.jpg","https://www.legrand.sa/en/catalog/products/belanko-s-switched-fused-connection-unit-neon-cord-outlet-white-617682","23.00","REVIEW_REQUIRED","Highest candidate scored 23/100, which is below threshold of 90."
"ACC021","13A PLUG","https://m.media-amazon.com/images/I/41ateuVSOZL._AC_UF1000,1000_QL80_.jpg","https://www.amazon.ie/ABB-Switched-Socket-Premium-Single/dp/B0DDPT6W9T","62.00","REVIEW_REQUIRED","Highest candidate scored 62/100, which is below threshold of 90."
"ACC022","15A PLUG","https://res.cloudinary.com/wholesale-plumbing/image/upload/Images1/GE_THQL1115AF2_3.jpg","https://www.bartlegibson.com/Product/abb-thql1115af2-15a-1p-120vac-plug-in-afci-combo-1235266","62.00","REVIEW_REQUIRED","Highest candidate scored 62/100, which is below threshold of 90."
"ACC025","13A FUSE CONNECTION UNIT","https://electric-house.com/media/catalog/product/6/1/617681.jpg?auto=webp&format=pjpg&fit=cover","https://electric-house.com/legrand-fused-connection-unit-belanko-s-13a-switched-cord-outlet-white.html","55.00","REVIEW_REQUIRED","Highest candidate scored 55/100, which is below threshold of 90."
"ACC024","25W/30W SURFACE MOUNTED LED","https://akt.ng/files/topics/17839478485445.webp","https://akt.ng/products/led-lighting-fixtures/led-pop/akt-led-panel-light-surface-30w-akt-pb044-30w","52.00","REVIEW_REQUIRED","Highest candidate scored 52/100, which is below threshold of 90."
"ACC023","18W  SURFACE MOUNTED LED","https://akt.ng/files/topics/17842014002363.webp","https://akt.ng/products/led-lighting-fixtures/led-pop/akt-led-panel-light-surface-18w-akt-pb042-18w","56.00","REVIEW_REQUIRED","Highest candidate scored 56/100, which is below threshold of 90."
"ACC026","3X3 BLANK PLATE","","","0.00","FAILED","[IMAGE_SEARCH] Product ACC026 (870abfaf-7d85-4536-baaf-aa1033d080e5): [SerpSearch] Search failed: HTTP 403: {""message"":""Unauthorized."",""statusCode"":403}"
"ACC028","8MOD GRID SWICTH","https://media.screwfix.ie/is/image/ae235/electrical_gridmod_gridswitches","https://www.screwfix.ie/c/electrical-lighting/grid-modular-wiring/cat830532","19.00","REVIEW_REQUIRED","Highest candidate scored 19/100, which is below threshold of 90."
"ACC030","13A FUSE CONNECTION UNIT","https://download.schneider-electric.com/files?p_Doc_Ref=HRT16_Range_Image&p_File_Type=rendition_1500_jpg","https://www.himel.com/gb/low-voltage-distribution/fuses","43.00","REVIEW_REQUIRED","Highest candidate scored 43/100, which is below threshold of 90."
"ACC029","SHAVER","https://assets.legrand.com/pim/PHOTOS-WEB/LEGRAND/61/LG-617608-WEB-F.jpg","https://www.legrand.ae/en/catalog/products/belanko-s-shaver-socket-1-gang-white-617608","65.00","REVIEW_REQUIRED","Highest candidate scored 65/100, which is below threshold of 90."
"ACC027","3X6 BLANK PLATE","https://brikonek.mu/wp-content/uploads/2023/02/blank-plate-belanko.jpg","https://brikonek.mu/product/blanking-plate-belanko-s-2-gang-white/","52.00","REVIEW_REQUIRED","Highest candidate scored 52/100, which is below threshold of 90."
"ACC031","3X3 PLATE","https://powerhouseexpress.com.pk/cdn/shop/files/1_a42fbcf0-8fe9-456d-a11a-32c1c5e069ae.webp?v=1744480495","https://powerhouseexpress.com.pk/products/himel-hwdpbp3-blank-plate?srsltid=AU7gw4X4FZ3Adeg5mRxwKSJZ9TsRVutgdO-Hpt2Dtat4cQ3tHK7HlbS1","62.00","REVIEW_REQUIRED","Highest candidate scored 62/100, which is below threshold of 90."
"ACC032","3X3 PLATE CHAMPEIGN","","","0.00","FAILED","[IMAGE_SEARCH] Product ACC032 (a2674a68-ce6c-44dc-8155-8fe1068c3474): [SerpSearch] Search failed: HTTP 403: {""message"":""Unauthorized."",""statusCode"":403}"
"ACC035","12W LED BULB 6500K","https://m.media-amazon.com/images/I/71OHrlNdkBL._AC_UF350,350_QL80_.jpg","https://www.amazon.com/Legrand-Seymour-radiant-NTL885TRAMBERW-Outlets/dp/B07FMTJ8B2","44.00","REVIEW_REQUIRED","Highest candidate scored 44/100, which is below threshold of 90."
"ACC036","13A DOUBLE SOCKT- MULTISTANDARD","https://cdn.salla.sa/vXZPEy/0e807653-1885-449a-9ad7-990fb9a38c20-1000x1000-rQFaLHf3iunQqlu1t7eNydP8z7tUcZFKLJszAsIe.jpg","https://elburoj.com/en/legrand-alloy-double-socket-13a-250v/p849200693?srsltid=AU7gw4XZ1oVTPTiEsMdAYPG0S4nmm8_8l75Fd0PfyYp8FHGTG_yskQDT","50.00","REVIEW_REQUIRED","Highest candidate scored 50/100, which is below threshold of 90."
"ACC038","13A FUSE CONNECTION UNIT","","","0.00","FAILED","[IMAGE_SEARCH] Product ACC038 (b055289f-5cc5-4996-a599-0e206a0f8665): [SerpSearch] Search failed: HTTP 403: {""message"":""Unauthorized."",""statusCode"":403}"
"ACC033","CEILING ROSE","https://www.installationmaterials.com/sites/default/files/styles/container_full_width/public/externals/d/3/d3c46e0541b1ededecb78240cbf243b4.jpg?itok=lakQJRFv","https://www.installationmaterials.com/product/akk3/ceiling-rose-triple-pole-lighting-plug-socket-class-0","41.00","REVIEW_REQUIRED","Highest candidate scored 41/100, which is below threshold of 90."
"ACC034","LAMP HOLDER- SCEW","","","0.00","FAILED","[IMAGE_SEARCH] Product ACC034 (219097b2-eb82-4816-ac85-847c8ef0c4c7): [SerpSearch] Search failed: HTTP 403: {""message"":""Unauthorized."",""statusCode"":403}"
"ACC039","13A PLUG FOR WORK STATION","","","0.00","FAILED","[IMAGE_SEARCH] Product ACC039 (a830242b-2322-4fe6-ae1a-34a6e9836ce0): [SerpSearch] Search failed: HTTP 403: {""message"":""Unauthorized."",""statusCode"":403}"
"ACC040","13A SINGLE INVERTER","","","0.00","FAILED","[IMAGE_SEARCH] Product ACC040 (01dd456b-1392-4536-8f99-ee9c571d38bb): [SerpSearch] Search failed: HTTP 403: {""message"":""Unauthorized."",""statusCode"":403}"
"ACC037","13A DOUBLE WEATHER PROOF","https://assets.legrand.com/pim/PHOTOS-WEB/LG-618048-WEB-R.jpg","https://www.legrand.com.kh/en/catalog/products/eloe-2-gang-british-standard-13a-double-pole-switched-socket-white-618048","53.00","REVIEW_REQUIRED","Highest candidate scored 53/100, which is below threshold of 90."
"ACC041","13A SINGLE SWOCKET","","","0.00","FAILED","[IMAGE_SEARCH] Product ACC041 (b3aecd4c-a6f5-4a42-9131-c87c11dc44a0): [SerpSearch] Search failed: HTTP 403: {""message"":""Unauthorized."",""statusCode"":403}"
"ACC042","13A SINGLE WEATHER PROOF","https://assets.legrand.com/pim/PHOTOS-WEB/LEGRAND/73/730066-LEGRAND.jpg","https://www.legrand.ng/en/catalog/products/synergy-single-pole-socket-outlet-british-standard-switched-13a-1-gang-white-730066","53.00","REVIEW_REQUIRED","Highest candidate scored 53/100, which is below threshold of 90."
"ACC043","1X 28W  LED FIXTURE (LINEAR  LIGHT)","https://resources.legrand.us/1280_E9LhIShFLQF91kBh.png?1629211740","https://www.legrand.us/wiring-devices/adorne-collection/disc-no-sub/p/allnledwh4?srsltid=AU7gw4WXrbIzD5iq27MBZFtg0PtXz6CEJ-MOSSVIMrTzvDunQgKURmWk","50.00","REVIEW_REQUIRED","Highest candidate scored 50/100, which is below threshold of 90."
"ACC044","1X 28W  LED FIXTURE (LINEAR  LIGHT) EM BACK UP 60MINS","https://resources.legrand.us/1280_E9LhIShFLQF91kBh.png?1629211740","https://www.legrand.us/wiring-devices/adorne-collection/disc-no-sub/p/allnledwh4?srsltid=AU7gw4Xrj3clxnqZB0RQ6u7mGEt3NmV5gI9oLKL8m40dYfYGXHgTb8vS","45.00","REVIEW_REQUIRED","Highest candidate scored 45/100, which is below threshold of 90."
"ACC046","20KVA AVR STAB 3PHASE FULL AUTOMATIC BRITISH TYPE","https://assets.serverroomenvironments.co.uk/thumbnails/full_size_3485276_1760220763.png","https://www.serverroomenvironments.co.uk/legrand-keor-dk-20kva-single-3phase-rackmount-ups?srsltid=AU7gw4UFT4ACErvAkqGpmPx6DoQ3Jzhj6Sfw_mIxCVMG-jInYBNTa8yW","46.00","REVIEW_REQUIRED","Highest candidate scored 46/100, which is below threshold of 90."
"ACC057","3X6 COVER","","","0.00","FAILED","[IMAGE_SEARCH] Product ACC057 (f8c3810e-ff79-4ad8-9e9c-c417f43ec331): [SerpSearch] Search failed: HTTP 403: {""message"":""Unauthorized."",""statusCode"":403}"
"ACC059","3X6W Multiple light 5700k","https://images.thdstatic.com/productImages/65b7ee2a-7313-4a6b-b99e-c19ad73cf2c1/svn/legrand-accessories-aalsl6-44_600.jpg","https://www.homedepot.com/p/Legrand-adorne-Locator-Status-Light-AALSL6/203516080","50.00","REVIEW_REQUIRED","Highest candidate scored 50/100, which is below threshold of 90."
"ACC064","CELING ROSE","https://assets.legrand.com/pim/PHOTOS-WEB/LEGRAND/06/LG-060197-WEB-R.jpg","https://www.legrand.com/ecatalogue/en/catalog/products/ceiling-rose-with-plug-in-connection-4-pin-red-fire-resistant-ul94-vo-060197","53.00","REVIEW_REQUIRED","Highest candidate scored 53/100, which is below threshold of 90."
"ACC065","DATA SINGLE SOCKET","https://assets.legrand.com/pim/PHOTOS-WEB/LEGRAND/73/730056-LEGRAND.jpg","https://www.legrand.com/ecatalogue/en/catalog/products/data-socket-synergy-rj-45-cat6-single-white-730056","65.00","REVIEW_REQUIRED","Highest candidate scored 65/100, which is below threshold of 90."
"ACC079","3X3 FACE PLATE","","","0.00","FAILED","[IMAGE_SEARCH] Product ACC079 (183f6337-4472-49e8-8e98-cc54c87d694e): [SerpSearch] Search failed: HTTP 403: {""message"":""Unauthorized."",""statusCode"":403}"
"ACC087","3X6 KNOCKOUT BOX","https://sc01.alicdn.com/kf/H0d2b769bb7a04d17b563fce9596466fb8.jpg","https://www.alibaba.com/product-detail/Electrical-Equipment-Supplies-knockout-box-3X6_1600187302742.html","32.00","REVIEW_REQUIRED","Highest candidate scored 32/100, which is below threshold of 90."
"DAT011","DATA SOCKET","","","0.00","FAILED","[IMAGE_SEARCH] Product DAT011 (8f4ef911-70b9-46ff-8a13-1733fb04b941): [SerpSearch] Search failed: HTTP 403: {""message"":""Unauthorized."",""statusCode"":403}"
"SOC066","13A SINGLE SOCKET","","","0.00","FAILED","[IMAGE_SEARCH] Product SOC066 (5d40fc38-e12b-463a-bce5-eddd064a842a): [SerpSearch] Search failed: HTTP 403: {""message"":""Unauthorized."",""statusCode"":403}"
"SW008","20A DP SWITCH W/H","https://cdn.horme.com.sg/images/product/20170124111531OZY2LNIXRVEM9_full.jpg","https://www.horme.com.sg/product.aspx?id=3576","70.00","REVIEW_REQUIRED","Highest candidate scored 70/100, which is below threshold of 90."
"SW011","45A COOKER UNIT SILVER","https://assets.cef.co.uk/images/pdg/bg_nbs70g/1024x1024/bg_nbs70g.jpg","https://www.cef.co.uk/catalogue/products/1517717-45a-dp-cooker-unit-switch-socket-with-grey-insert-brushed-steel","32.00","REVIEW_REQUIRED","Highest candidate scored 32/100, which is below threshold of 90."
"SW010","45A COOKER UNIT WHITE","https://electric-house.com/media/catalog/product/l/e/leg.281075mw.jpg?auto=webp&format=pjpg&fit=cover","https://electric-house.com/legrand-cooker-control-unit-mallia-45-a-double-pole-switch-13-a-switched-socket-with-indicator-matt-white.html","59.00","REVIEW_REQUIRED","Highest candidate scored 59/100, which is below threshold of 90."
"SW015","2G 2W SWITCH","https://m.media-amazon.com/images/I/51S-NCj1NCL.jpg","https://www.amazon.com/Leviton-5693-2W-Decora-Rocker-Switch/dp/B000U3BRP4","37.00","REVIEW_REQUIRED","Highest candidate scored 37/100, which is below threshold of 90."
"SW016","INTERMEDIATE SWITCH","https://bydemes.com/ByDemesFiles/images/SW016.jpg","https://bydemes.com/en/products/networking/switching/managed/SW016","45.00","REVIEW_REQUIRED","Highest candidate scored 45/100, which is below threshold of 90."
"SW028","INTERMEDIATE SWITCH","https://assets.legrand.com/pim/PHOTOS-WEB/LEGRAND/61/LG-617609-WEB-R.jpg","https://www.legrand.sa/en/catalog/products/belanko-s-1-gang-intermediate-switch-16ax-white-617609","70.00","REVIEW_REQUIRED","Highest candidate scored 70/100, which is below threshold of 90."
"SW033","20A DP SWITCH AC","https://assets.legrand.com/pim/PHOTOS-WEB/LEGRAND/61/LG-617671-WEB-R.jpg","https://www.legrand.ae/en/catalog/products/belanko-s-1-gang-double-pole-switch-neon-earth-terminal-20a-white-617671","53.00","REVIEW_REQUIRED","Highest candidate scored 53/100, which is below threshold of 90."
"SW034","20A DP SWITCH FOR HAND DRYER","https://images-eu.ssl-images-amazon.com/images/I/51+M7d8TWuL._AC_UL495_SR435,495_.jpg","https://www.amazon.ae/Legrand-SWITCH-BELANKO-S-WHITE-617671/dp/B0DQ4LWTXD","53.00","REVIEW_REQUIRED","Highest candidate scored 53/100, which is below threshold of 90."
"SW035","20A HAND DRYER SWITCH","https://assets.legrand.com/pim/PHOTOS-WEB/LEGRAND/61/LG-617671-WEB-R.jpg","https://www.legrand.jo/en/catalog/products/belanko-s-1-gang-double-pole-switch-neon-earth-terminal-20a-white-617671","53.00","REVIEW_REQUIRED","Highest candidate scored 53/100, which is below threshold of 90."
"SW036","20A DP SWITCH W/H","https://www.digitalstout.com/zs-common/images/no-preview-image.jpg","https://www.digitalstout.com/products/j9f2dc2c00/5843197000000551684?srsltid=AU7gw4Xw_giMC-ysQu5Br3VzLEr7r2Nz6DO5i5zU1JOtgfpwzKR1LbNf","65.00","REVIEW_REQUIRED","Highest candidate scored 65/100, which is below threshold of 90."
"SW042","1G 2W SWITCH","https://ik.imagekit.io/fepy/cdn/catalog/product/a/b/abb-bl1o5-wh_1.jpg","https://www.fepy.com/abb-1-gang-2-way-10amp-switch-inora-bl105-white","62.00","REVIEW_REQUIRED","Highest candidate scored 62/100, which is below threshold of 90."
"SW069","3G 1W SWITCH","https://down-my.img.susercontent.com/file/my-11134207-820lb-mtht4ial5zi8b3","https://shopee.com.my/-SIRIM-HIMEL-Switch-Socket-Advanced-Series-Switch-Socket-(-Himel-Switches-Himel-Wall-Plug)-i.829152606.23518856262","55.00","REVIEW_REQUIRED","Highest candidate scored 55/100, which is below threshold of 90."
"SW082","1G 1W SWITCH","https://m.media-amazon.com/images/I/713EEn2hE1L.jpg_BO30,255,255,255_UF900,900_SR1910,1000,0,R_PI2026-pbdd-socialshare-awareness-en-US-d-nondeal,TopLeft,0,0_QL100_.jpg","https://www.amazon.com/Pass-Seymour-690-LAG-1-Pole-Combination/dp/B00KCYYL72","53.00","REVIEW_REQUIRED","Highest candidate scored 53/100, which is below threshold of 90."
"SW092","20A DP SWITCH -  VARIOUS MACHINES","","","0.00","FAILED","[IMAGE_SEARCH] Product SW092 (13acaba9-c682-498e-8f96-100d0109f1fa): [SerpSearch] Search failed: HTTP 403: {""message"":""Unauthorized."",""statusCode"":403}"
"SW093","20A DP SWITCH - HAND DRIER","","","0.00","FAILED","[IMAGE_SEARCH] Product SW093 (70c1f43a-30d1-4786-bedf-ef8b635fee1a): [SerpSearch] Search failed: HTTP 403: {""message"":""Unauthorized."",""statusCode"":403}"
"SW099","20A DP SWITCH FOR MOTORISED CURTAIN","https://m.media-amazon.com/images/I/619IbmcgHUL.jpg","https://www.amazon.com/Legrand-Radiant-Decorator-Switches-TM873CC10/dp/B0CGLYYNJW","58.00","REVIEW_REQUIRED","Highest candidate scored 58/100, which is below threshold of 90."
"SW123","45A COOKER UNIT +13A","","","0.00","FAILED","[IMAGE_SEARCH] Product SW123 (1be7f77f-57f6-436c-a9d3-788b02c4bc66): [SerpSearch] Search failed: HTTP 403: {""message"":""Unauthorized."",""statusCode"":403}"
"SW126","4G 1W SWITCH","","","0.00","FAILED","[IMAGE_SEARCH] Product SW126 (fbbf8efd-6899-4472-8301-218fa9033649): [SerpSearch] Search failed: HTTP 403: {""message"":""Unauthorized."",""statusCode"":403}"
"SW127","4G 2W SWITCH","https://m.media-amazon.com/images/I/61GMU1QJ1cL._AC_UL450_SY450_QL70_.jpg","https://www.amazon.com/clp/B000H6K7Z0","56.00","REVIEW_REQUIRED","Highest candidate scored 56/100, which is below threshold of 90."
"SW129","63A TPN DISCONNECTOR SWITCH","https://assets.cef.co.uk/images/pdg/legrand_406453-a/1024x1024/legrand_406453-a.jpg","https://www.cef.co.uk/catalogue/products/5191926-63a-dp-switch-disconnector-isolator","59.00","REVIEW_REQUIRED","Highest candidate scored 59/100, which is below threshold of 90."
"SW135","INTERMEDIATE SWITCH","http://www.livecopper.co.za/cdn/shop/files/PIN124WWH_Legrand-Arteor-Intermediate-Switch-4-x-2-White.jpg?v=1776248767","https://www.livecopper.co.za/products/legrand-arteor-intermediate-switch-4-x-2?srsltid=AU7gw4XsoQZyILVujiUhl1ZE2RCF-8ZcUWRuMx2nCLbLmsZn5lbki4Tv","72.00","REVIEW_REQUIRED","Highest candidate scored 72/100, which is below threshold of 90."
"SW142","20A DP SWITCH","https://plazamiddleeast-1d748.kxcdn.com/web/image/product.product/6093/image_1024","https://plazamiddleeast.com/shop/283261-20a-dp-switch-neon-mallia-pearl-legrand-6368","67.00","REVIEW_REQUIRED","Highest candidate scored 67/100, which is below threshold of 90."
"SW144","20A DP SWITCH W/H","","","0.00","FAILED","[IMAGE_SEARCH] Product SW144 (7263903e-487f-4954-a2ac-483b4b1ca3c8): [SerpSearch] Search failed: HTTP 403: {""message"":""Unauthorized."",""statusCode"":403}"
"SW146","2G 2W SWITCH","https://electricmall.com.ng/_next/image?url=https%3A%2F%2Felectricmall.com.ng%2Fwp-content%2Fuploads%2F2025%2F05%2F2gangle.jpg&w=3840&q=75","https://electricmall.com.ng/product/legrand-mallia-senses-white-2g-2w-16ax-switch","61.00","REVIEW_REQUIRED","Highest candidate scored 61/100, which is below threshold of 90."
"SW147","COOKER UNIT","https://assets.legrand.com/pim/PHOTOS-WEB/LG-281075BB-WEB-R.jpg","https://www.legrand.ae/en/catalog/products/mallia-senses-2-gang-cooker-unit-control-45a-with-bs-socket-outlet-13a-brushed-black-281075bb","68.00","REVIEW_REQUIRED","Highest candidate scored 68/100, which is below threshold of 90."
"SW148","COOKER UNIT 3X6","","","0.00","FAILED","[IMAGE_SEARCH] Product SW148 (169d0bd4-2b7a-4d95-b6af-941348597af8): [SerpSearch] Search failed: HTTP 403: {""message"":""Unauthorized."",""statusCode"":403}"
"ACC045","20KVA AVR SINGLE PHASE AUTOMATIC FULL BRITSH TYPE","https://images.thdstatic.com/productImages/a709a8cc-5348-4fe0-b86e-dbc190bc0eca/svn/white-legrand-usb-outlets-2097trusbacwc4-4f_600.jpg","https://www.homedepot.com/p/Legrand-radiant-20-Amp-125-Volt-Tamper-Resistant-GFCI-Residential-Commercial-Decorator-Duplex-Outlet-with-Type-A-C-USB-White-2097TRUSBACWC4/318194534","42.00","REVIEW_REQUIRED","Highest candidate scored 42/100, which is below threshold of 90."
"ACC058","3X6 COVER PLATE","https://m.media-amazon.com/images/I/51POZ0Ov3+L.jpg","https://www.amazon.in/Legrand-575790-White-Cover-Plates/dp/B083DTQ892","69.00","REVIEW_REQUIRED","Highest candidate scored 69/100, which is below threshold of 90."
"ACC060","42W LED FIXTURE 600X600 PANEL LIGHT","http://electrical.mu/cdn/shop/products/Legrand-_SURFACE_FRAME_FOR_UNIVERSAL_LIGHTED_DESIGN_SQUARE-_600x600_-_064579_-_ElectricalMU_c81d5268-ec68-4697-a451-390a8005f240.jpg?v=1749815849","https://electrical.mu/products/legrand-surface-mounting-kit-for-600-600-led-panel-light?srsltid=AU7gw4Xe4SB6I5p0Km7WfkKNkY1T7IYyyRaz65yk9a9yPP9_l4K4-m89","53.00","REVIEW_REQUIRED","Highest candidate scored 53/100, which is below threshold of 90."
"ACC061","42W LED FIXTURE 600X600 PANEL LIGHT + EM BACK UP 60MINS","https://images.thdstatic.com/productImages/17e89c56-a420-4519-916c-6039738fa5e6/svn/leviton-accessories-r02-d2scs-1rw-64_600.jpg","https://www.homedepot.com/b/Electrical-Wiring-Devices-Light-Controls-Accessories/Legrand/N-5yc1vZc33oZ9fr","47.00","REVIEW_REQUIRED","Highest candidate scored 47/100, which is below threshold of 90."
"ACC062","BELL PUSH RINGER","https://assets.legrand.com/pim/PHOTOS-WEB/LG-AC23105MB-WEB-R.jpg","https://www.legrand.com/ecatalogue/en/catalog/products/arteor-advance-1-module-1-way-10a-single-pole-bell-push-call-confirmation-reset-matt-black-240v-ac-push-button-with-luminous-signal-ac23105mb","57.00","REVIEW_REQUIRED","Highest candidate scored 57/100, which is below threshold of 90."
"ACC063","CEILING ROSE","https://assets.legrand.com/pim/PHOTOS-WEB/LEGRAND/06/LG-060197-WEB-B.jpg","https://www.legrand.com/ecatalogue/en/catalog/products/ceiling-rose-with-plug-in-connection-4-pin-red-fire-resistant-ul94-vo-060197","65.00","REVIEW_REQUIRED","Highest candidate scored 65/100, which is below threshold of 90."
"ACC066","LAMP HOLDER- SCEW","https://m.media-amazon.com/images/I/51Dwud+yh9L.jpg_BO30,255,255,255_UF750,750_SR1910,1000,0,C_QL100_.jpg","https://www.amazon.com/clp/B000BQPIT6","62.00","REVIEW_REQUIRED","Highest candidate scored 62/100, which is below threshold of 90."
"ACC078","3X3 BLANK PLATE+281955","","","0.00","FAILED","[IMAGE_SEARCH] Product ACC078 (6c9617b7-aa52-4a74-bf01-1d268d1c0973): [SerpSearch] Search failed: HTTP 403: {""message"":""Unauthorized."",""statusCode"":403}"
"ACC083","40W 4FT BATTEN IP65 NVC","https://cdn.shopify.com/s/files/1/0624/1878/0271/files/NVC_jpg_GlightD1_10_image_2bba31b0-1236-44f2-aacf-2bdffdbb35a3_600x600.jpg?v=1787032721","https://www.ideal.co.nz/products/nvcgbt501120bce","56.00","REVIEW_REQUIRED","Highest candidate scored 56/100, which is below threshold of 90."
"DAT012","DATA SOCKET RJ45 DOUBLE","","","0.00","FAILED","[IMAGE_SEARCH] Product DAT012 (960d1527-8b9c-4fdc-9503-91d0b0f7c357): [SerpSearch] Search failed: HTTP 403: {""message"":""Unauthorized."",""statusCode"":403}"
"DAT014","HDMI PORT","","","0.00","FAILED","[IMAGE_SEARCH] Product DAT014 (3924e5d3-e28b-4b4e-9807-6a413ab0946f): [SerpSearch] Search failed: HTTP 403: {""message"":""Unauthorized."",""statusCode"":403}"
"DAT015","RJ 11 TELEPHONE SOCKET ARTEOR","https://static1.industrybuying.com/products/electrical/switches-sockets-plugs-and-connectors/domestic-sockets/ELE.DOM.108388713_1678952555540.webp","https://www.industrybuying.com/modular-switches-accessories-legrand-ELE.DOM.108388713","67.00","REVIEW_REQUIRED","Highest candidate scored 67/100, which is below threshold of 90."
"DAT017","RJ 45 DOUBLE DATA SOCKET","","","0.00","FAILED","[IMAGE_SEARCH] Product DAT017 (de059498-dff6-4b4c-b9f7-e1d67df29cfc): [SerpSearch] Search failed: HTTP 403: {""message"":""Unauthorized."",""statusCode"":403}"
"DAT018","RJ 45 SINGLE DATA SOCKET","","","0.00","FAILED","[IMAGE_SEARCH] Product DAT018 (bec79aba-a735-4d99-aa96-d551cb6724d6): [SerpSearch] Search failed: HTTP 403: {""message"":""Unauthorized."",""statusCode"":403}"
"DAT020","RJ11/RJ45- DOUBLE DATA","https://static.wixstatic.com/media/2af062_7c43ce7569574dec8c2984fd7f123a0b~mv2.png/v1/fill/w_980,h_1062,al_c,q_90,usm_0.66_1.00_0.01,enc_avif,quality_auto/2af062_7c43ce7569574dec8c2984fd7f123a0b~mv2.png","https://www.brickhardware.com/product-page/telephone-and-data-sockets-rj45double-cat5e-legrand","64.00","REVIEW_REQUIRED","Highest candidate scored 64/100, which is below threshold of 90."
"DB004","D6 SPN BOARD","https://energymall.ng/wp-content/uploads/2019/07/ABB-D12-single-Phase-Distribution-board-1.jpg","https://energymall.ng/shop/electrical-accessories/distribution-boards/abb-d6-single-phase-distribution-board/?srsltid=AU7gw4UN_29WP253Fmi2fs0KQIwTrWiY5ViuzhNuvzI_kDtIpe5PXs6s","63.00","REVIEW_REQUIRED","Highest candidate scored 63/100, which is below threshold of 90."
"DB009","D8 SPN DISTRIBUTION BOARD","","","0.00","FAILED","[IMAGE_SEARCH] Product DB009 (cc966e52-12d2-44ef-8f4a-4ca71b9f405b): [SerpSearch] Search failed: HTTP 403: {""message"":""Unauthorized."",""statusCode"":403}"
"DB010","D12 SPN COMPLETE","","","0.00","FAILED","[IMAGE_SEARCH] Product DB010 (4ded831e-f948-4426-b6f1-bd169cacee29): [SerpSearch] Search failed: HTTP 403: {""message"":""Unauthorized."",""statusCode"":403}"
"DB011","D4 SPN COMPLETE","https://static1.industrybuying.com/products/electrical/distribution-boards-and-panels/spntpn-distribution-board/ELE.SPN.44916357_1668145412642.webp","https://www.industrybuying.com/distribution-box-havells-ELE.SPN.44916357","55.00","REVIEW_REQUIRED","Highest candidate scored 55/100, which is below threshold of 90."
"DB012","D6 TPN DISTR. BOARD","https://5.imimg.com/data5/GLADMIN/VideoImage/2023/8/338514254/ZN/WQ/JY/7468182/havells-tp-and-n-prewired-db-distribution-board.jpg","https://www.indiamart.com/proddetail/havells-tp-and-n-prewired-db-distribution-board-15042358188.html?srsltid=AU7gw4UjyE4nVgWcHYhJqyhSPWKJvpevw6IOYO0-KoJJU4vvGXDABXjM","59.00","REVIEW_REQUIRED","Highest candidate scored 59/100, which is below threshold of 90."
"DB013","D4 TPN DISTRIBUTION BOARD -COMPLETE","https://5.imimg.com/data5/SELLER/Default/2021/9/CM/YZ/AJ/78517384/indoasian-optipro-8-way-tpn-double-door-distribution-board.jpg","https://www.indiamart.com/proddetail/indoasian-optipro-8-way-tpn-double-door-distribution-board-23843093148.html?srsltid=AU7gw4U28XbbjnZEialPGMBScUy6yr1D7L55kNMeB7HWxr7hstV0x8RB","62.00","REVIEW_REQUIRED","Highest candidate scored 62/100, which is below threshold of 90."